{"mean": 31.288, "std": 0.03059411708155787, "raw": [31.330000000000002, 31.276, 31.258]}