{"mean": 31.371333333333336, "std": 0.007717224601859761, "raw": [31.368000000000002, 31.363999999999997, 31.381999999999998]}