{"mean": 1.6980000000000002, "std": 0.14617797371697275, "raw": [1.904, 1.58, 1.61]}