{"mean": 1.7380000000000002, "std": 0.08999259228773582, "raw": [1.73, 1.8519999999999999, 1.6320000000000001]}