{"mean": 0.8066666666666666, "std": 0.1508494466531302, "raw": [0.7, 0.7, 1.02]}