{"mean": 0.6999999999999998, "std": 1.1102230246251565e-16, "raw": [0.7, 0.7, 0.7]}