{"mean": 1.641333333333333, "std": 0.19284766584592664, "raw": [1.8519999999999999, 1.686, 1.3860000000000001]}