{"mean": 1.1326666666666665, "std": 0.09258269576738168, "raw": [1.176, 1.004, 1.218]}