{"mean": 31.257333333333335, "std": 0.03518838192105797, "raw": [31.306, 31.224, 31.242]}