{"mean": 1.2346666666666666, "std": 0.16202331793774483, "raw": [1.386, 1.01, 1.308]}