{"mean": 31.318, "std": 0.04572380853195197, "raw": [31.381999999999998, 31.294, 31.278]}