{"mean": 31.290666666666667, "std": 0.06540812046086089, "raw": [31.362000000000002, 31.203999999999997, 31.306]}