{"mean": 1.7606666666666666, "std": 0.09874321355020932, "raw": [1.86, 1.626, 1.796]}