{"mean": 1.672666666666667, "std": 0.07514134828589528, "raw": [1.6700000000000004, 1.582, 1.766]}