{"mean": 31.26733333333333, "std": 0.04668571040003197, "raw": [31.330000000000002, 31.218, 31.253999999999998]}