{"mean": 0.8433333333333333, "std": 0.1297005097222914, "raw": [0.66, 0.9399999999999998, 0.93]}