{"mean": 31.122666666666664, "std": 0.22360878535712414, "raw": [31.32, 30.810000000000002, 31.238]}