{"mean": 1.6233333333333333, "std": 0.16669599741912094, "raw": [1.6760000000000002, 1.398, 1.796]}