{"mean": 1.8766666666666667, "std": 0.1968033423383749, "raw": [2.12, 1.8719999999999999, 1.638]}