{"mean": 0.7799999999999999, "std": 1.1102230246251565e-16, "raw": [0.78, 0.78, 0.78]}