{"mean": 0.9719999999999999, "std": 0.0, "raw": [0.9719999999999999, 0.9719999999999999, 0.9719999999999999]}