{"mean": 31.175333333333327, "std": 0.20527271832586183, "raw": [31.377999999999997, 30.894, 31.253999999999998]}