{"mean": 0.7033333333333335, "std": 0.12657891697365015, "raw": [0.55, 0.86, 0.7]}