{"mean": 31.092, "std": 0.2208528922156106, "raw": [31.394, 30.871999999999996, 31.01]}