{"mean": 0.8633333333333333, "std": 0.11785113019775792, "raw": [0.78, 0.78, 1.03]}