{"mean": 31.270666666666667, "std": 0.03827386691842027, "raw": [31.324, 31.236, 31.252]}