{"mean": 31.337999999999997, "std": 0.09579144011862359, "raw": [31.468, 31.240000000000002, 31.306]}