{"mean": 1.4266666666666667, "std": 0.36574064885137153, "raw": [1.6640000000000001, 1.706, 0.9099999999999999]}