{"mean": 1.4033333333333333, "std": 0.0888644410824087, "raw": [1.474, 1.278, 1.458]}