{"mean": 31.411999999999995, "std": 0.03536476589299766, "raw": [31.458, 31.372000000000003, 31.406]}