{"mean": 0.9039999999999999, "std": 0.11196428001822724, "raw": [0.992, 0.746, 0.974]}