{"mean": 1.7166666666666668, "std": 0.12084517183386169, "raw": [1.864, 1.568, 1.718]}