{"mean": 31.31933333333333, "std": 0.04461190673152491, "raw": [31.379999999999995, 31.273999999999994, 31.303999999999995]}