{"mean": 1.0606666666666666, "std": 0.12779497468819168, "raw": [1.116, 0.884, 1.182]}