{"mean": 31.333333333333332, "std": 0.05797317387282502, "raw": [31.412, 31.274, 31.314]}